,,area,count,link,page,pk
0,0,中正區,1,http://www.chinatimes.com/newspapers/20151008000175-260204,6,ltn00001
1,1,中正區,2,http://www.chinatimes.com/realtimenews/20151007005406-260403,6,ltn00002
2,2,中正區,3,http://www.chinatimes.com/realtimenews/20151006005075-260402,6,ltn00003
3,3,中正區,4,http://www.chinatimes.com/newspapers/20151006000329-260208,6,ltn00004
4,4,中正區,5,http://www.chinatimes.com/realtimenews/20151005004374-260409,6,ltn00005
5,5,中正區,6,http://www.chinatimes.com/newspapers/20151006000489-260106,6,ltn00006
6,6,中正區,7,http://www.chinatimes.com/realtimenews/20151005004495-260402,6,ltn00007
7,7,中正區,8,http://www.chinatimes.com/newspapers/20151004000332-260102,6,ltn00008
8,8,中正區,9,http://www.chinatimes.com/newspapers/20151002000395-260102,6,ltn00009
9,9,中正區,10,http://www.chinatimes.com/newspapers/20151002000937-260301,6,ltn00010
10,10,中正區,11,http://www.chinatimes.com/newspapers/20151001000432-260106,6,ltn00011
11,11,中正區,12,http://www.chinatimes.com/newspapers/20150930000132-260204,7,ltn00012
12,12,中正區,13,http://www.chinatimes.com/newspapers/20150930000628-260102,7,ltn00013
13,13,中正區,14,http://www.chinatimes.com/realtimenews/20150928002777-260401,7,ltn00014
14,14,中正區,15,http://www.chinatimes.com/realtimenews/20150928001245-260405,7,ltn00015
15,15,中正區,16,http://www.chinatimes.com/realtimenews/20150928002312-260401,7,ltn00016
16,16,中正區,17,http://www.chinatimes.com/realtimenews/20150926002129-260401,7,ltn00017
17,17,中正區,18,http://www.chinatimes.com/realtimenews/20150927001005-260405,7,ltn00018
18,18,大同區,1,http://www.chinatimes.com/newspapers/20151028000579-260107,2,ltn00019
19,19,大同區,2,http://www.chinatimes.com/newspapers/20151027000379-260102,2,ltn00020
20,20,大同區,3,http://www.chinatimes.com/realtimenews/20151023005430-260402,2,ltn00021
21,21,大同區,4,http://www.chinatimes.com/newspapers/20151024000325-260102,2,ltn00022
22,22,大同區,5,http://www.chinatimes.com/realtimenews/20151021005171-260410,3,ltn00023
23,23,大同區,6,http://www.chinatimes.com/newspapers/20151021000667-260107,3,ltn00024
24,24,大同區,7,http://www.chinatimes.com/newspapers/20151020000426-260106,3,ltn00025
25,25,大同區,8,http://www.chinatimes.com/realtimenews/20151018002962-260405,3,ltn00026
26,26,大同區,9,http://www.chinatimes.com/newspapers/20151015000202-260206,4,ltn00027
27,27,大同區,10,http://www.chinatimes.com/realtimenews/20151014002757-260410,4,ltn00028
28,28,大同區,11,http://www.chinatimes.com/newspapers/20151015000124-260204,4,ltn00029
29,29,大同區,12,http://www.chinatimes.com/newspapers/20151012000678-260115,4,ltn00030
30,30,大同區,13,http://www.chinatimes.com/newspapers/20151010000216-260204,4,ltn00031
31,31,大同區,14,http://www.chinatimes.com/newspapers/20151009000255-260204,4,ltn00032
32,32,大同區,15,http://www.chinatimes.com/newspapers/20151009000147-260210,4,ltn00033
33,33,大同區,16,http://www.chinatimes.com/newspapers/20151008000350-260208,4,ltn00034
34,34,大同區,17,http://www.chinatimes.com/newspapers/20151010000216-260204,5,ltn00035
35,35,大同區,18,http://www.chinatimes.com/newspapers/20151009000255-260204,5,ltn00036
36,36,大同區,19,http://www.chinatimes.com/newspapers/20151009000147-260210,5,ltn00037
37,37,大同區,20,http://www.chinatimes.com/newspapers/20151008000350-260208,5,ltn00038
38,38,大同區,21,http://www.chinatimes.com/newspapers/20151003000159-260206,5,ltn00039
39,39,大同區,22,http://www.chinatimes.com/realtimenews/20150929001505-260405,5,ltn00040
40,40,大同區,23,http://www.chinatimes.com/newspapers/20150930000132-260204,5,ltn00041
41,41,大同區,24,http://www.chinatimes.com/newspapers/20150929000357-260102,6,ltn00042
42,42,大同區,25,http://www.chinatimes.com/newspapers/20150929000359-260102,6,ltn00043
43,43,大同區,26,http://www.chinatimes.com/realtimenews/20150928002312-260401,6,ltn00044
44,44,大同區,27,http://www.chinatimes.com/realtimenews/20150928000960-260401,6,ltn00045
45,45,大同區,28,http://www.chinatimes.com/realtimenews/20150926002002-260402,6,ltn00046
46,46,大同區,29,http://www.chinatimes.com/newspapers/20150926000531-260107,6,ltn00047
47,47,大同區,30,http://www.chinatimes.com/newspapers/20150921000100-260205,7,ltn00048
48,48,大同區,31,http://www.chinatimes.com/newspapers/20150919000385-260106,7,ltn00049
49,49,大同區,32,http://www.chinatimes.com/realtimenews/20150916003101-260401,7,ltn00050
50,50,大同區,33,http://www.chinatimes.com/newspapers/20150917000940-260309,7,ltn00051
51,51,中山區,1,http://www.chinatimes.com/newspapers/20150917000057-260202,1,ltn00052
52,52,中山區,2,http://www.chinatimes.com/newspapers/20150917000048-260202,1,ltn00053
53,53,中山區,3,http://www.chinatimes.com/realtimenews/20150914004326-260402,1,ltn00054
54,54,中山區,4,http://www.chinatimes.com/newspapers/20150915001006-260310,1,ltn00055
55,55,中山區,5,http://www.chinatimes.com/newspapers/20150914000321-260102,1,ltn00056
56,56,中山區,6,http://www.chinatimes.com/newspapers/20150909000609-260107,1,ltn00057
57,57,中山區,7,http://www.chinatimes.com/newspapers/20151031000480-260107,2,ltn00058
58,58,中山區,8,http://www.chinatimes.com/newspapers/20151031000320-260102,2,ltn00059
59,59,中山區,9,http://www.chinatimes.com/realtimenews/20151030006602-260402,2,ltn00060
60,60,中山區,10,http://www.chinatimes.com/newspapers/20151031000580-260107,2,ltn00061
61,61,中山區,11,http://www.chinatimes.com/newspapers/20151031000409-260109,2,ltn00062
62,62,中山區,12,http://www.chinatimes.com/newspapers/20151031000265-260210,2,ltn00063
63,63,中山區,13,http://www.chinatimes.com/realtimenews/20151030005967-260405,2,ltn00064
64,64,中山區,14,http://www.chinatimes.com/realtimenews/20151029005086-260410,2,ltn00065
65,65,中山區,15,http://www.chinatimes.com/realtimenews/20151030002233-260405,2,ltn00066
66,66,中山區,16,http://www.chinatimes.com/newspapers/20151030001562-260107,2,ltn00067
67,67,中山區,17,http://www.chinatimes.com/newspapers/20151030001332-260204,3,ltn00068
68,68,中山區,18,http://www.chinatimes.com/realtimenews/20151029004589-260403,3,ltn00069
69,69,中山區,19,http://www.chinatimes.com/newspapers/20151029000483-260109,3,ltn00070
70,70,中山區,20,http://www.chinatimes.com/newspapers/20151029000455-260106,3,ltn00071
71,71,中山區,21,http://www.chinatimes.com/realtimenews/20151028004080-260402,3,ltn00072
72,72,中山區,22,http://www.chinatimes.com/newspapers/20151026000796-260301,5,ltn00073
73,73,中山區,23,http://www.chinatimes.com/realtimenews/20151026001138-260401,5,ltn00074
74,74,中山區,24,http://www.chinatimes.com/newspapers/20151024000519-260107,6,ltn00075
75,75,中山區,25,http://www.chinatimes.com/realtimenews/20151023005514-260405,6,ltn00076
76,76,中山區,26,http://www.chinatimes.com/newspapers/20151024000951-260302,6,ltn00077
77,77,中山區,27,http://www.chinatimes.com/realtimenews/20151022001961-260410,6,ltn00078
78,78,中山區,28,http://www.chinatimes.com/realtimenews/20151022004930-260407,6,ltn00079
79,79,中山區,29,http://www.chinatimes.com/newspapers/20151023000522-260107,6,ltn00080
80,80,中山區,30,http://www.chinatimes.com/newspapers/20151022000567-260107,7,ltn00081
81,81,中山區,31,http://www.chinatimes.com/newspapers/20151021000428-260102,7,ltn00082
82,82,中山區,32,http://www.chinatimes.com/realtimenews/20151018002869-260402,7,ltn00083
83,83,中山區,33,http://www.chinatimes.com/newspapers/20151019000116-260204,7,ltn00084
84,84,松山區,1,http://www.chinatimes.com/newspapers/20151018000578-260102,1,ltn00085
85,85,松山區,2,http://www.chinatimes.com/newspapers/20151017000582-260111,1,ltn00086
86,86,松山區,3,http://www.chinatimes.com/newspapers/20151016000618-260107,1,ltn00087
87,87,松山區,4,http://www.chinatimes.com/newspapers/20151016000157-260204,1,ltn00088
88,88,松山區,5,http://www.chinatimes.com/newspapers/20151016000294-260204,1,ltn00089
89,89,松山區,6,http://www.chinatimes.com/realtimenews/20151028004080-260402,2,ltn00090
90,90,松山區,7,http://www.chinatimes.com/realtimenews/20151027004338-260407,2,ltn00091
91,91,松山區,8,http://www.chinatimes.com/realtimenews/20151027002259-260407,2,ltn00092
92,92,松山區,9,http://www.chinatimes.com/realtimenews/20151027004578-260407,2,ltn00093
93,93,松山區,10,http://www.chinatimes.com/newspapers/20151026000779-260301,2,ltn00094
94,94,松山區,11,http://www.chinatimes.com/realtimenews/20151025002950-260403,2,ltn00095
95,95,松山區,12,http://www.chinatimes.com/newspapers/20151025000794-260301,3,ltn00096
96,96,松山區,13,http://www.chinatimes.com/newspapers/20151024000245-260210,3,ltn00097
97,97,松山區,14,http://www.chinatimes.com/newspapers/20151024000681-260112,3,ltn00098
98,98,松山區,15,http://www.chinatimes.com/realtimenews/20151022004930-260407,3,ltn00099
99,99,松山區,16,http://www.chinatimes.com/realtimenews/20151022004137-260404,3,ltn00100
100,100,松山區,17,http://www.chinatimes.com/newspapers/20151023000368-260102,3,ltn00101
101,101,松山區,18,http://www.chinatimes.com/realtimenews/20151023001365-260401,3,ltn00102
102,102,松山區,19,http://www.chinatimes.com/newspapers/20151021000165-260204,4,ltn00103
103,103,松山區,20,http://www.chinatimes.com/newspapers/20151021000481-260106,4,ltn00104
104,104,松山區,21,http://www.chinatimes.com/realtimenews/20151019002374-260410,4,ltn00105
105,105,松山區,22,http://www.chinatimes.com/realtimenews/20151018003322-260403,4,ltn00106
106,106,松山區,23,http://www.chinatimes.com/realtimenews/20151018001884-260407,4,ltn00107
107,107,松山區,24,http://www.chinatimes.com/realtimenews/20151018003352-260403,4,ltn00108
108,108,松山區,25,http://www.chinatimes.com/realtimenews/20151017004322-260403,4,ltn00109
109,109,松山區,26,http://www.chinatimes.com/realtimenews/20151017002749-260405,4,ltn00110
110,110,松山區,27,http://www.chinatimes.com/realtimenews/20151016004280-260403,5,ltn00111
111,111,松山區,28,http://www.chinatimes.com/newspapers/20151017000644-260112,5,ltn00112
112,112,松山區,29,http://www.chinatimes.com/realtimenews/20151016002929-260407,5,ltn00113
113,113,松山區,30,http://www.chinatimes.com/realtimenews/20151012003948-260402,5,ltn00114
114,114,松山區,31,http://www.chinatimes.com/newspapers/20151013001039-260306,5,ltn00115
115,115,松山區,32,http://www.chinatimes.com/realtimenews/20151011002967-260403,5,ltn00116
116,116,松山區,33,http://www.chinatimes.com/realtimenews/20151011002981-260403,6,ltn00117
117,117,松山區,34,http://www.chinatimes.com/realtimenews/20151010002790-260405,6,ltn00118
118,118,松山區,35,http://www.chinatimes.com/newspapers/20151011000341-260102,6,ltn00119
119,119,松山區,36,http://www.chinatimes.com/realtimenews/20151010003681-260403,6,ltn00120
120,120,松山區,37,http://www.chinatimes.com/realtimenews/20151009005042-260403,6,ltn00121
121,121,松山區,38,http://www.chinatimes.com/newspapers/20151009000466-260107,6,ltn00122
122,122,松山區,39,http://www.chinatimes.com/newspapers/20151008000121-260205,7,ltn00123
123,123,松山區,40,http://www.chinatimes.com/newspapers/20151007000855-260302,7,ltn00124
124,124,松山區,41,http://www.chinatimes.com/newspapers/20151006000532-260102,7,ltn00125
125,125,松山區,42,http://www.chinatimes.com/realtimenews/20151005003089-260410,7,ltn00126
126,126,松山區,43,http://www.chinatimes.com/realtimenews/20151005005190-260403,7,ltn00127
127,127,松山區,44,http://www.chinatimes.com/newspapers/20151005000326-260102,7,ltn00128
128,128,松山區,45,http://www.chinatimes.com/realtimenews/20151003004103-260404,7,ltn00129
129,129,松山區,46,http://www.chinatimes.com/newspapers/20151002000023-260202,7,ltn00130
130,130,大安區,1,http://www.chinatimes.com/realtimenews/20150929001305-260401,1,ltn00131
131,131,大安區,2,http://www.chinatimes.com/realtimenews/20150929001505-260405,1,ltn00132
132,132,大安區,3,http://www.chinatimes.com/newspapers/20150930000526-260107,1,ltn00133
133,133,大安區,4,http://www.chinatimes.com/realtimenews/20150929001439-260401,1,ltn00134
134,134,大安區,5,http://www.chinatimes.com/newspapers/20150929000357-260102,1,ltn00135
135,135,大安區,6,http://www.chinatimes.com/realtimenews/20150929001142-260401,1,ltn00136
136,136,大安區,7,http://www.chinatimes.com/realtimenews/20150928002312-260401,1,ltn00137
137,137,大安區,8,http://www.chinatimes.com/newspapers/20151030001323-260204,2,ltn00138
138,138,大安區,9,http://www.chinatimes.com/realtimenews/20151028002219-260412,2,ltn00139
139,139,大安區,10,http://www.chinatimes.com/realtimenews/20151028004080-260402,2,ltn00140
140,140,大安區,11,http://www.chinatimes.com/newspapers/20151029000437-260114,2,ltn00141
141,141,大安區,12,http://www.chinatimes.com/realtimenews/20151027004987-260408,2,ltn00142
142,142,大安區,13,http://www.chinatimes.com/realtimenews/20151027002195-260405,2,ltn00143
143,143,大安區,14,http://www.chinatimes.com/realtimenews/20151027004250-260409,2,ltn00144
144,144,大安區,15,http://www.chinatimes.com/newspapers/20151026000296-260102,2,ltn00145
145,145,大安區,16,http://www.chinatimes.com/newspapers/20151025000246-260102,2,ltn00146
146,146,大安區,17,http://www.chinatimes.com/realtimenews/20151024003411-260402,3,ltn00147
147,147,大安區,18,http://www.chinatimes.com/newspapers/20151025000234-260102,3,ltn00148
148,148,大安區,19,http://www.chinatimes.com/realtimenews/20151024003408-260402,3,ltn00149
149,149,大安區,20,http://www.chinatimes.com/realtimenews/20151022001961-260410,3,ltn00150
150,150,大安區,21,http://www.chinatimes.com/newspapers/20151023000368-260102,3,ltn00151
151,151,大安區,22,http://www.chinatimes.com/newspapers/20151022000845-260113,3,ltn00152
152,152,大安區,23,http://www.chinatimes.com/newspapers/20151022000397-260102,3,ltn00153
153,153,大安區,24,http://www.chinatimes.com/newspapers/20151022000318-260210,3,ltn00154
154,154,大安區,25,http://www.chinatimes.com/newspapers/20151022000415-260102,3,ltn00155
155,155,大安區,26,http://www.chinatimes.com/newspapers/20151022000397-260102,4,ltn00156
156,156,大安區,27,http://www.chinatimes.com/newspapers/20151022000318-260210,4,ltn00157
157,157,大安區,28,http://www.chinatimes.com/newspapers/20151022000415-260102,4,ltn00158
158,158,大安區,29,http://www.chinatimes.com/newspapers/20151021000356-260208,4,ltn00159
159,159,大安區,30,http://www.chinatimes.com/newspapers/20151020000299-260210,4,ltn00160
160,160,大安區,31,http://www.chinatimes.com/newspapers/20151016000459-260106,5,ltn00161
161,161,大安區,32,http://www.chinatimes.com/newspapers/20151014000640-260107,5,ltn00162
162,162,大安區,33,http://www.chinatimes.com/newspapers/20151014000174-260210,5,ltn00163
163,163,大安區,34,http://www.chinatimes.com/newspapers/20151014000374-260208,5,ltn00164
164,164,大安區,35,http://www.chinatimes.com/newspapers/20151013000029-260202,5,ltn00165
165,165,大安區,36,http://www.chinatimes.com/newspapers/20151010000513-260116,5,ltn00166
166,166,大安區,37,http://www.chinatimes.com/newspapers/20151009000538-260107,6,ltn00167
167,167,大安區,38,http://www.chinatimes.com/realtimenews/20151008001987-260402,6,ltn00168
168,168,大安區,39,http://www.chinatimes.com/realtimenews/20151006002850-260405,6,ltn00169
169,169,大安區,40,http://www.chinatimes.com/realtimenews/20151005001889-260410,6,ltn00170
170,170,大安區,41,http://www.chinatimes.com/newspapers/20151006000817-260112,6,ltn00171
171,171,大安區,42,http://www.chinatimes.com/newspapers/20151003000101-260210,6,ltn00172
172,172,大安區,43,http://www.chinatimes.com/newspapers/20151002000390-260102,6,ltn00173
173,173,大安區,44,http://www.chinatimes.com/newspapers/20151002000378-260102,6,ltn00174
174,174,大安區,45,http://www.chinatimes.com/newspapers/20151002000492-260102,7,ltn00175
175,175,大安區,46,http://www.chinatimes.com/realtimenews/20151002001764-260405,7,ltn00176
176,176,大安區,47,http://www.chinatimes.com/realtimenews/20151002001254-260401,7,ltn00177
177,177,大安區,48,http://www.chinatimes.com/newspapers/20151002000546-260107,7,ltn00178
178,178,大安區,49,http://www.chinatimes.com/realtimenews/20151001001046-260405,7,ltn00179
179,179,大安區,50,http://www.chinatimes.com/realtimenews/20150929001439-260401,7,ltn00180
180,180,大安區,51,http://www.chinatimes.com/realtimenews/20150929002829-260401,7,ltn00181
181,181,萬華區,1,http://www.chinatimes.com/realtimenews/20150928002312-260401,1,ltn00182
182,182,萬華區,2,http://www.chinatimes.com/realtimenews/20150927002418-260402,1,ltn00183
183,183,萬華區,3,http://www.chinatimes.com/newspapers/20150923000589-260107,1,ltn00184
184,184,萬華區,4,http://www.chinatimes.com/newspapers/20150923000587-260107,1,ltn00185
185,185,萬華區,5,http://www.chinatimes.com/newspapers/20150923000443-260102,1,ltn00186
186,186,萬華區,6,http://www.chinatimes.com/newspapers/20151026000779-260301,2,ltn00187
187,187,萬華區,7,http://www.chinatimes.com/realtimenews/20151025002839-260405,2,ltn00188
188,188,萬華區,8,http://www.chinatimes.com/newspapers/20151025000330-260102,2,ltn00189
189,189,萬華區,9,http://www.chinatimes.com/realtimenews/20151022002537-260405,2,ltn00190
190,190,萬華區,10,http://www.chinatimes.com/realtimenews/20151022003302-260405,2,ltn00191
191,191,萬華區,11,http://www.chinatimes.com/newspapers/20151023000436-260106,2,ltn00192
192,192,萬華區,12,http://www.chinatimes.com/realtimenews/20151022002983-260402,2,ltn00193
193,193,萬華區,13,http://www.chinatimes.com/newspapers/20151022000397-260102,2,ltn00194
194,194,萬華區,14,http://www.chinatimes.com/newspapers/20151022000409-260102,3,ltn00195
195,195,萬華區,15,http://www.chinatimes.com/realtimenews/20151021003660-260404,3,ltn00196
196,196,萬華區,16,http://www.chinatimes.com/realtimenews/20151021003788-260410,3,ltn00197
197,197,萬華區,17,http://www.chinatimes.com/realtimenews/20151021004841-260401,3,ltn00198
198,198,萬華區,18,http://www.chinatimes.com/realtimenews/20151020003551-260404,3,ltn00199
199,199,萬華區,19,http://www.chinatimes.com/realtimenews/20151020003600-260404,3,ltn00200
200,200,萬華區,20,http://www.chinatimes.com/newspapers/20151021000469-260114,3,ltn00201
201,201,萬華區,21,http://www.chinatimes.com/realtimenews/20151020003913-260410,3,ltn00202
202,202,萬華區,22,http://www.chinatimes.com/realtimenews/20151020003695-260404,3,ltn00203
203,203,萬華區,23,http://www.chinatimes.com/newspapers/20151021000420-260102,3,ltn00204
204,204,萬華區,24,http://www.chinatimes.com/realtimenews/20151020001043-260402,3,ltn00205
205,205,萬華區,25,http://www.chinatimes.com/newspapers/20151018000299-260102,3,ltn00206
206,206,萬華區,26,http://www.chinatimes.com/realtimenews/20151018000768-260403,4,ltn00207
207,207,萬華區,27,http://www.chinatimes.com/realtimenews/20151015004753-260401,4,ltn00208
208,208,萬華區,28,http://www.chinatimes.com/newspapers/20151016000314-260208,4,ltn00209
209,209,萬華區,29,http://www.chinatimes.com/realtimenews/20151014002142-260410,4,ltn00210
210,210,萬華區,30,http://www.chinatimes.com/realtimenews/20151014004583-260401,4,ltn00211
211,211,萬華區,31,http://www.chinatimes.com/newspapers/20151013000141-260204,5,ltn00212
212,212,萬華區,32,http://www.chinatimes.com/realtimenews/20151011001212-260409,5,ltn00213
213,213,萬華區,33,http://www.chinatimes.com/realtimenews/20151011002639-260402,5,ltn00214
214,214,萬華區,34,http://www.chinatimes.com/newspapers/20151011000317-260102,5,ltn00215
215,215,萬華區,35,http://www.chinatimes.com/newspapers/20151010000015-260202,5,ltn00216
216,216,萬華區,36,http://www.chinatimes.com/newspapers/20151010000583-260116,5,ltn00217
217,217,萬華區,37,http://www.chinatimes.com/realtimenews/20151008006333-260401,5,ltn00218
218,218,萬華區,38,http://www.chinatimes.com/realtimenews/20151007004042-260401,5,ltn00219
219,219,萬華區,39,http://www.chinatimes.com/realtimenews/20151005004331-260401,5,ltn00220
220,220,萬華區,40,http://www.chinatimes.com/realtimenews/20151005003534-260404,5,ltn00221
221,221,萬華區,41,http://www.chinatimes.com/newspapers/20151006000489-260106,5,ltn00222
222,222,萬華區,42,http://www.chinatimes.com/realtimenews/20151005004495-260402,6,ltn00223
223,223,萬華區,43,http://www.chinatimes.com/realtimenews/20151005003681-260404,6,ltn00224
224,224,萬華區,44,http://www.chinatimes.com/newspapers/20151004000310-260102,6,ltn00225
225,225,萬華區,45,http://www.chinatimes.com/cn/realtimenews/20151002004727-260401,6,ltn00226
226,226,萬華區,46,http://www.chinatimes.com/realtimenews/20151002004727-260401,6,ltn00227
227,227,萬華區,47,http://www.chinatimes.com/realtimenews/20151002005442-260403,6,ltn00228
228,228,萬華區,48,http://www.chinatimes.com/newspapers/20151003000322-260102,6,ltn00229
229,229,萬華區,49,http://www.chinatimes.com/realtimenews/20150930004219-260401,7,ltn00230
230,230,萬華區,50,http://www.chinatimes.com/newspapers/20150930000401-260106,7,ltn00231
231,231,萬華區,51,http://www.chinatimes.com/realtimenews/20150928002591-260402,7,ltn00232
232,232,萬華區,52,http://www.chinatimes.com/newspapers/20150929000348-260102,7,ltn00233
233,233,萬華區,53,http://www.chinatimes.com/newspapers/20150929000341-260102,7,ltn00234
234,234,萬華區,54,http://www.chinatimes.com/realtimenews/20150928002312-260401,7,ltn00235
235,235,信義區,1,http://www.chinatimes.com/realtimenews/20150925004009-260401,1,ltn00236
236,236,信義區,2,http://www.chinatimes.com/newspapers/20150926000148-260207,1,ltn00237
237,237,信義區,3,http://www.chinatimes.com/realtimenews/20150924002682-260402,1,ltn00238
238,238,信義區,4,http://www.chinatimes.com/realtimenews/20150924002030-260404,1,ltn00239
239,239,信義區,5,http://www.chinatimes.com/realtimenews/20150924001935-260404,1,ltn00240
240,240,信義區,6,http://www.chinatimes.com/realtimenews/20150922004444-260401,1,ltn00241
241,241,信義區,7,http://www.chinatimes.com/newspapers/20150922000659-260107,1,ltn00242
242,242,信義區,8,http://www.chinatimes.com/newspapers/20150922000547-260102,1,ltn00243
243,243,信義區,9,http://www.chinatimes.com/newspapers/20151031000197-260210,2,ltn00244
244,244,信義區,10,http://www.chinatimes.com/newspapers/20151031000124-260210,2,ltn00245
245,245,信義區,11,http://www.chinatimes.com/newspapers/20151031000265-260210,2,ltn00246
246,246,信義區,12,http://www.chinatimes.com/newspapers/20151031000609-260110,2,ltn00247
247,247,信義區,13,http://www.chinatimes.com/realtimenews/20151030005935-260410,2,ltn00248
248,248,信義區,14,http://www.chinatimes.com/newspapers/20151031000110-260210,2,ltn00249
249,249,信義區,15,http://www.chinatimes.com/newspapers/20151031000044-260202,2,ltn00250
250,250,信義區,16,http://www.chinatimes.com/realtimenews/20151030006226-260410,2,ltn00251
251,251,信義區,17,http://www.chinatimes.com/realtimenews/20151029004414-260410,2,ltn00252
252,252,信義區,18,http://www.chinatimes.com/realtimenews/20151029004992-260410,2,ltn00253
253,253,信義區,19,http://www.chinatimes.com/newspapers/20151030001202-260206,3,ltn00254
254,254,信義區,20,http://www.chinatimes.com/newspapers/20151030001529-260107,3,ltn00255
255,255,信義區,21,http://www.chinatimes.com/realtimenews/20151030002233-260405,3,ltn00256
256,256,信義區,22,http://www.chinatimes.com/newspapers/20151030001343-260204,3,ltn00257
257,257,信義區,23,http://www.chinatimes.com/newspapers/20151030001037-260202,3,ltn00258
258,258,信義區,24,http://www.chinatimes.com/newspapers/20151029000172-260210,3,ltn00259
259,259,信義區,25,http://www.chinatimes.com/newspapers/20151029000732-260112,4,ltn00260
260,260,信義區,26,http://www.chinatimes.com/realtimenews/20151028004080-260402,4,ltn00261
261,261,信義區,27,http://www.chinatimes.com/newspapers/20151029000704-260112,4,ltn00262
262,262,信義區,28,http://www.chinatimes.com/realtimenews/20151028004963-260405,4,ltn00263
263,263,信義區,29,http://www.chinatimes.com/newspapers/20151027000456-260109,4,ltn00264
264,264,信義區,30,http://www.chinatimes.com/newspapers/20151027000232-260206,5,ltn00265
265,265,信義區,31,http://www.chinatimes.com/realtimenews/20151026001909-260410,5,ltn00266
266,266,信義區,32,http://www.chinatimes.com/newspapers/20151027000101-260203,5,ltn00267
267,267,信義區,33,http://www.chinatimes.com/newspapers/20151026000362-260106,6,ltn00268
268,268,信義區,34,http://www.chinatimes.com/newspapers/20151025000246-260102,6,ltn00269
269,269,信義區,35,http://www.chinatimes.com/newspapers/20151025000458-260102,6,ltn00270
270,270,信義區,36,http://www.chinatimes.com/newspapers/20151025000234-260102,6,ltn00271
271,271,信義區,37,http://www.chinatimes.com/newspapers/20151025000234-260102,7,ltn00272
272,272,信義區,38,http://www.chinatimes.com/newspapers/20151024000484-260107,7,ltn00273
273,273,信義區,39,http://www.chinatimes.com/realtimenews/20151023002318-260405,7,ltn00274
274,274,信義區,40,http://www.chinatimes.com/realtimenews/20151023005244-260405,7,ltn00275
275,275,士林區,1,http://www.chinatimes.com/newspapers/20151023000368-260102,1,ltn00276
276,276,士林區,2,http://www.chinatimes.com/newspapers/20151022000956-260303,1,ltn00277
277,277,士林區,3,http://www.chinatimes.com/newspapers/20151021000311-260210,1,ltn00278
278,278,士林區,4,http://www.chinatimes.com/newspapers/20151021000051-260202,1,ltn00279
279,279,士林區,5,http://www.chinatimes.com/newspapers/20151021000075-260202,1,ltn00280
280,280,士林區,6,http://www.chinatimes.com/newspapers/20151020000403-260114,1,ltn00281
281,281,士林區,7,http://www.chinatimes.com/realtimenews/20151020001290-260401,1,ltn00282
282,282,士林區,8,http://www.chinatimes.com/newspapers/20151030001341-260204,2,ltn00283
283,283,士林區,9,http://www.chinatimes.com/newspapers/20151029001013-260310,2,ltn00284
284,284,士林區,10,http://www.chinatimes.com/newspapers/20151029000437-260114,2,ltn00285
285,285,士林區,11,http://www.chinatimes.com/newspapers/20151028000579-260107,3,ltn00286
286,286,士林區,12,http://www.chinatimes.com/realtimenews/20151026001863-260410,3,ltn00287
287,287,士林區,13,http://www.chinatimes.com/newspapers/20151027000196-260206,3,ltn00288
288,288,士林區,14,http://www.chinatimes.com/newspapers/20151026000348-260106,3,ltn00289
289,289,士林區,15,http://www.chinatimes.com/newspapers/20151026000289-260102,3,ltn00290
290,290,士林區,16,http://www.chinatimes.com/realtimenews/20151023005430-260402,4,ltn00291
291,291,士林區,17,http://www.chinatimes.com/realtimenews/20151022001961-260410,4,ltn00292
292,292,士林區,18,http://www.chinatimes.com/newspapers/20151023000345-260208,4,ltn00293
293,293,士林區,19,http://www.chinatimes.com/newspapers/20151022000874-260301,5,ltn00294
294,294,士林區,20,http://www.chinatimes.com/newspapers/20151022000397-260102,5,ltn00295
295,295,士林區,21,http://www.chinatimes.com/newspapers/20151022000415-260102,5,ltn00296
296,296,士林區,22,http://www.chinatimes.com/newspapers/20151022000871-260301,5,ltn00297
297,297,士林區,23,http://www.chinatimes.com/newspapers/20151020000432-260102,5,ltn00298
298,298,士林區,24,http://www.chinatimes.com/newspapers/20151020000426-260106,5,ltn00299
299,299,士林區,25,http://www.chinatimes.com/newspapers/20151016001018-260306,6,ltn00300
300,300,士林區,26,http://www.chinatimes.com/newspapers/20151016000688-260102,6,ltn00301
301,301,士林區,27,http://www.chinatimes.com/newspapers/20151016000119-260204,6,ltn00302
302,302,士林區,28,http://www.chinatimes.com/newspapers/20151014000240-260206,7,ltn00303
303,303,士林區,29,http://www.chinatimes.com/newspapers/20151014000519-260102,7,ltn00304
304,304,北投區,1,http://www.chinatimes.com/newspapers/20151008000352-260208,1,ltn00305
305,305,北投區,2,http://www.chinatimes.com/realtimenews/20151006004107-260403,1,ltn00306
306,306,北投區,3,http://www.chinatimes.com/newspapers/20151007000892-260301,1,ltn00307
307,307,北投區,4,http://www.chinatimes.com/newspapers/20151006000337-260208,1,ltn00308
308,308,北投區,5,http://www.chinatimes.com/newspapers/20151001000512-260107,1,ltn00309
309,309,北投區,6,http://www.chinatimes.com/newspapers/20151029000435-260114,2,ltn00310
310,310,北投區,7,http://www.chinatimes.com/newspapers/20151029000437-260114,2,ltn00311
311,311,北投區,8,http://www.chinatimes.com/realtimenews/20151027004338-260407,2,ltn00312
312,312,北投區,9,http://www.chinatimes.com/realtimenews/20151026001138-260401,2,ltn00313
313,313,北投區,10,http://www.chinatimes.com/realtimenews/20151023004240-260403,2,ltn00314
314,314,北投區,11,http://www.chinatimes.com/newspapers/20151023000550-260107,3,ltn00315
315,315,北投區,12,http://www.chinatimes.com/newspapers/20151022000397-260102,3,ltn00316
316,316,北投區,13,http://www.chinatimes.com/newspapers/20151022000172-260210,3,ltn00317
317,317,北投區,14,http://www.chinatimes.com/newspapers/20151021000077-260202,3,ltn00318
318,318,北投區,15,http://www.chinatimes.com/realtimenews/20151020002029-260405,3,ltn00319
319,319,北投區,16,http://www.chinatimes.com/newspapers/20151020000432-260102,3,ltn00320
320,320,北投區,17,http://www.chinatimes.com/newspapers/20151020000488-260102,4,ltn00321
321,321,北投區,18,http://www.chinatimes.com/newspapers/20151019000021-260202,4,ltn00322
322,322,北投區,19,http://www.chinatimes.com/newspapers/20151019000325-260114,4,ltn00323
323,323,北投區,20,http://www.chinatimes.com/realtimenews/20151016005018-260402,4,ltn00324
324,324,北投區,21,http://www.chinatimes.com/realtimenews/20151014002757-260410,4,ltn00325
325,325,北投區,22,http://www.chinatimes.com/newspapers/20151015000124-260204,4,ltn00326
326,326,北投區,23,http://www.chinatimes.com/newspapers/20151015000415-260102,4,ltn00327
327,327,北投區,24,http://www.chinatimes.com/realtimenews/20151014002170-260410,4,ltn00328
328,328,北投區,25,http://www.chinatimes.com/newspapers/20151014000240-260206,4,ltn00329
329,329,北投區,26,http://www.chinatimes.com/newspapers/20151013000490-260102,4,ltn00330
330,330,北投區,27,http://www.chinatimes.com/newspapers/20151011000242-260102,5,ltn00331
331,331,北投區,28,http://www.chinatimes.com/newspapers/20151010000234-260102,5,ltn00332
332,332,北投區,29,http://www.chinatimes.com/newspapers/20151009000538-260107,5,ltn00333
333,333,北投區,30,http://www.chinatimes.com/realtimenews/20151009001280-260401,5,ltn00334
334,334,北投區,31,http://www.chinatimes.com/newspapers/20151008000430-260106,5,ltn00335
335,335,北投區,32,http://www.chinatimes.com/newspapers/20151007000436-260102,5,ltn00336
336,336,北投區,33,http://www.chinatimes.com/realtimenews/20151005004374-260409,5,ltn00337
337,337,北投區,34,http://www.chinatimes.com/newspapers/20151006000337-260208,5,ltn00338
338,338,北投區,35,http://www.chinatimes.com/newspapers/20151005000346-260102,6,ltn00339
339,339,北投區,36,http://www.chinatimes.com/realtimenews/20151004001626-260403,6,ltn00340
340,340,北投區,37,http://www.chinatimes.com/newspapers/20151005000317-260102,6,ltn00341
341,341,北投區,38,http://www.chinatimes.com/newspapers/20151003000525-260107,6,ltn00342
342,342,北投區,39,http://www.chinatimes.com/realtimenews/20151001003212-260401,6,ltn00343
343,343,北投區,40,http://www.chinatimes.com/newspapers/20151002000193-260204,6,ltn00344
344,344,北投區,41,http://www.chinatimes.com/realtimenews/20150929001305-260401,7,ltn00345
345,345,北投區,42,http://www.chinatimes.com/realtimenews/20150929001505-260405,7,ltn00346
346,346,北投區,43,http://www.chinatimes.com/realtimenews/20150929001439-260401,7,ltn00347
347,347,北投區,44,http://www.chinatimes.com/newspapers/20150930000518-260107,7,ltn00348
348,348,北投區,45,http://www.chinatimes.com/realtimenews/20150929000036-260405,7,ltn00349
349,349,北投區,46,http://www.chinatimes.com/realtimenews/20150929001289-260401,7,ltn00350
350,350,北投區,47,http://www.chinatimes.com/newspapers/20150929000329-260102,7,ltn00351
351,351,北投區,48,http://www.chinatimes.com/realtimenews/20150929001142-260401,7,ltn00352
352,352,北投區,49,http://www.chinatimes.com/realtimenews/20150928002312-260401,7,ltn00353
353,353,內湖區,1,http://www.chinatimes.com/realtimenews/20150928002589-260405,1,ltn00354
354,354,內湖區,2,http://www.chinatimes.com/realtimenews/20150928000960-260401,1,ltn00355
355,355,內湖區,3,http://www.chinatimes.com/newspapers/20150925000203-260204,1,ltn00356
356,356,內湖區,4,http://www.chinatimes.com/newspapers/20150925000504-260106,1,ltn00357
357,357,內湖區,5,http://www.chinatimes.com/newspapers/20150923000905-260309,1,ltn00358
358,358,內湖區,6,http://www.chinatimes.com/newspapers/20150922000547-260102,1,ltn00359
359,359,內湖區,7,http://www.chinatimes.com/newspapers/20151024000264-260210,2,ltn00360
360,360,內湖區,8,http://www.chinatimes.com/newspapers/20151024000266-260210,2,ltn00361
361,361,內湖區,9,http://www.chinatimes.com/newspapers/20151023000438-260106,2,ltn00362
362,362,內湖區,10,http://www.chinatimes.com/realtimenews/20151021004212-260402,2,ltn00363
363,363,內湖區,11,http://www.chinatimes.com/realtimenews/20151020004599-260403,2,ltn00364
364,364,內湖區,12,http://www.chinatimes.com/realtimenews/20151019003091-260402,2,ltn00365
365,365,內湖區,13,http://www.chinatimes.com/realtimenews/20151015002411-260410,2,ltn00366
366,366,內湖區,14,http://www.chinatimes.com/newspapers/20151016000688-260102,2,ltn00367
367,367,內湖區,15,http://www.chinatimes.com/realtimenews/20151015003895-260407,2,ltn00368
368,368,內湖區,16,http://www.chinatimes.com/realtimenews/20151013004934-260407,2,ltn00369
369,369,內湖區,17,http://www.chinatimes.com/cn/realtimenews/20151013004934-260407,3,ltn00370
370,370,內湖區,18,http://www.chinatimes.com/realtimenews/20151013004420-260410,3,ltn00371
371,371,內湖區,19,http://www.chinatimes.com/realtimenews/20151012004820-260402,3,ltn00372
372,372,內湖區,20,http://www.chinatimes.com/newspapers/20151013000140-260204,3,ltn00373
373,373,內湖區,21,http://www.chinatimes.com/newspapers/20151011000748-260309,3,ltn00374
374,374,內湖區,22,http://www.chinatimes.com/newspapers/20151009000335-260106,3,ltn00375
375,375,內湖區,23,http://www.chinatimes.com/realtimenews/20151008003661-260402,3,ltn00376
376,376,內湖區,24,http://www.chinatimes.com/realtimenews/20151006003227-260410,3,ltn00377
377,377,內湖區,25,http://www.chinatimes.com/realtimenews/20151003004088-260409,4,ltn00378
378,378,內湖區,26,http://www.chinatimes.com/newspapers/20151003000101-260210,4,ltn00379
379,379,內湖區,27,http://www.chinatimes.com/newspapers/20151001000554-260107,4,ltn00380
380,380,內湖區,28,http://www.chinatimes.com/newspapers/20150930000354-260102,4,ltn00381
381,381,內湖區,29,http://www.chinatimes.com/realtimenews/20150929001505-260405,4,ltn00382
382,382,內湖區,30,http://www.chinatimes.com/realtimenews/20150928001600-260402,4,ltn00383
383,383,內湖區,31,http://www.chinatimes.com/newspapers/20150929000329-260102,4,ltn00384
384,384,內湖區,32,http://www.chinatimes.com/newspapers/20150926000452-260102,4,ltn00385
385,385,內湖區,33,http://www.chinatimes.com/newspapers/20150925000690-260107,5,ltn00386
386,386,內湖區,34,http://www.chinatimes.com/newspapers/20150923000146-260204,5,ltn00387
387,387,內湖區,35,http://www.chinatimes.com/newspapers/20150923000922-260302,5,ltn00388
388,388,內湖區,36,http://www.chinatimes.com/newspapers/20150923000359-260102,5,ltn00389
389,389,內湖區,37,http://www.chinatimes.com/realtimenews/20150922004088-260401,5,ltn00390
390,390,內湖區,38,http://www.chinatimes.com/newspapers/20150923000397-260102,5,ltn00391
391,391,內湖區,39,http://www.chinatimes.com/realtimenews/20150921004560-260401,5,ltn00392
392,392,內湖區,40,http://www.chinatimes.com/newspapers/20150921000348-260102,6,ltn00393
393,393,內湖區,41,http://www.chinatimes.com/realtimenews/20150920002518-260405,6,ltn00394
394,394,內湖區,42,http://www.chinatimes.com/newspapers/20150920000321-260114,6,ltn00395
395,395,內湖區,43,http://www.chinatimes.com/newspapers/20150919000728-260116,6,ltn00396
396,396,內湖區,44,http://www.chinatimes.com/newspapers/20150919000788-260116,6,ltn00397
397,397,內湖區,45,http://www.chinatimes.com/newspapers/20150918001049-260301,7,ltn00398
398,398,內湖區,46,http://www.chinatimes.com/realtimenews/20150916003101-260401,7,ltn00399
399,399,內湖區,47,http://www.chinatimes.com/newspapers/20150917000543-260107,7,ltn00400
400,400,內湖區,48,http://www.chinatimes.com/realtimenews/20150911003220-260405,7,ltn00401
401,401,內湖區,49,http://www.chinatimes.com/newspapers/20150912000432-260107,7,ltn00402
402,402,內湖區,50,http://www.chinatimes.com/realtimenews/20150909005501-260402,7,ltn00403
403,403,內湖區,51,http://www.chinatimes.com/realtimenews/20150906001858-260405,7,ltn00404
404,404,內湖區,52,http://www.chinatimes.com/newspapers/20150907000313-260102,7,ltn00405
405,405,內湖區,53,http://www.chinatimes.com/newspapers/20150907000319-260102,7,ltn00406
406,406,內湖區,54,http://www.chinatimes.com/realtimenews/20150903005139-260402,7,ltn00407
407,407,南港區,1,http://www.chinatimes.com/newspapers/20150903000587-260106,1,ltn00408
408,408,南港區,2,http://www.chinatimes.com/newspapers/20150902000662-260107,1,ltn00409
409,409,南港區,3,http://www.chinatimes.com/newspapers/20150902000303-260210,1,ltn00410
410,410,南港區,4,http://www.chinatimes.com/newspapers/20150830000617-260117,1,ltn00411
411,411,南港區,5,http://www.chinatimes.com/newspapers/20150829000361-260106,1,ltn00412
412,412,南港區,6,http://www.chinatimes.com/realtimenews/20150826005245-260402,1,ltn00413
413,413,南港區,7,http://www.chinatimes.com/newspapers/20151027000655-260107,2,ltn00414
414,414,南港區,8,http://www.chinatimes.com/newspapers/20151025000250-260102,2,ltn00415
415,415,南港區,9,http://www.chinatimes.com/newspapers/20151024000484-260107,2,ltn00416
416,416,南港區,10,http://www.chinatimes.com/newspapers/20151023000531-260107,2,ltn00417
417,417,南港區,11,http://www.chinatimes.com/realtimenews/20151022001961-260410,2,ltn00418
418,418,南港區,12,http://www.chinatimes.com/newspapers/20151023000522-260107,2,ltn00419
419,419,南港區,13,http://www.chinatimes.com/newspapers/20151022000391-260210,2,ltn00420
420,420,南港區,14,http://www.chinatimes.com/newspapers/20151022000953-260301,3,ltn00421
421,421,南港區,15,http://www.chinatimes.com/newspapers/20151022000177-260210,3,ltn00422
422,422,南港區,16,http://www.chinatimes.com/newspapers/20151021000380-260210,3,ltn00423
423,423,南港區,17,http://www.chinatimes.com/realtimenews/20151020002029-260405,3,ltn00424
424,424,南港區,18,http://www.chinatimes.com/newspapers/20151021000368-260210,3,ltn00425
425,425,南港區,19,http://www.chinatimes.com/newspapers/20151021000165-260204,3,ltn00426
426,426,南港區,20,http://www.chinatimes.com/newspapers/20151020000338-260208,3,ltn00427
427,427,南港區,21,http://www.chinatimes.com/newspapers/20151020000159-260210,3,ltn00428
428,428,南港區,22,http://www.chinatimes.com/newspapers/20151019000354-260106,3,ltn00429
429,429,南港區,23,http://www.chinatimes.com/newspapers/20151019000283-260210,3,ltn00430
430,430,南港區,24,http://www.chinatimes.com/newspapers/20151019000283-260210,4,ltn00431
431,431,南港區,25,http://www.chinatimes.com/newspapers/20151019000142-260204,4,ltn00432
432,432,南港區,26,http://www.chinatimes.com/realtimenews/20151017003772-260407,4,ltn00433
433,433,南港區,27,http://www.chinatimes.com/newspapers/20151016000688-260102,4,ltn00434
434,434,南港區,28,http://www.chinatimes.com/newspapers/20151015000582-260107,5,ltn00435
435,435,南港區,29,http://www.chinatimes.com/newspapers/20151015000124-260204,5,ltn00436
436,436,南港區,30,http://www.chinatimes.com/newspapers/20151014000400-260210,5,ltn00437
437,437,南港區,31,http://www.chinatimes.com/newspapers/20151014000596-260107,5,ltn00438
438,438,南港區,32,http://www.chinatimes.com/newspapers/20151014000205-260210,5,ltn00439
439,439,南港區,33,http://www.chinatimes.com/newspapers/20151014000208-260210,5,ltn00440
440,440,南港區,34,http://www.chinatimes.com/newspapers/20151014000365-260204,5,ltn00441
441,441,南港區,35,http://www.chinatimes.com/newspapers/20151013000300-260210,5,ltn00442
442,442,南港區,36,http://www.chinatimes.com/newspapers/20151011000270-260102,5,ltn00443
443,443,南港區,37,http://www.chinatimes.com/newspapers/20151010000234-260102,6,ltn00444
444,444,南港區,38,http://www.chinatimes.com/newspapers/20151009000466-260107,6,ltn00445
445,445,南港區,39,http://www.chinatimes.com/newspapers/20151009000555-260107,6,ltn00446
446,446,南港區,40,http://www.chinatimes.com/newspapers/20151008000304-260210,6,ltn00447
447,447,南港區,41,http://www.chinatimes.com/newspapers/20151008000352-260208,6,ltn00448
448,448,南港區,42,http://www.chinatimes.com/realtimenews/20151007005155-260410,6,ltn00449
449,449,南港區,43,http://www.chinatimes.com/newspapers/20151008000513-260102,6,ltn00450
450,450,南港區,44,http://www.chinatimes.com/newspapers/20151008000142-260204,6,ltn00451
451,451,南港區,45,http://www.chinatimes.com/newspapers/20151006000291-260210,7,ltn00452
452,452,南港區,46,http://www.chinatimes.com/newspapers/20151004000282-260106,7,ltn00453
453,453,南港區,47,http://www.chinatimes.com/newspapers/20151004000096-260207,7,ltn00454
454,454,南港區,48,http://www.chinatimes.com/newspapers/20151002000023-260202,7,ltn00455
455,455,南港區,49,http://www.chinatimes.com/realtimenews/20151001003212-260401,7,ltn00456
456,456,文山區,1,http://www.chinatimes.com/newspapers/20150930000317-260207,1,ltn00457
457,457,文山區,2,http://www.chinatimes.com/realtimenews/20150929001505-260405,1,ltn00458
458,458,文山區,3,http://www.chinatimes.com/realtimenews/20150928001131-260401,1,ltn00459
459,459,文山區,4,http://www.chinatimes.com/realtimenews/20150928001105-260401,1,ltn00460
460,460,文山區,5,http://www.chinatimes.com/realtimenews/20150928002312-260401,1,ltn00461
461,461,文山區,6,http://www.chinatimes.com/realtimenews/20150928000960-260401,1,ltn00462
462,462,文山區,7,http://www.chinatimes.com/newspapers/20150928000434-260112,1,ltn00463
463,463,文山區,8,http://www.chinatimes.com/newspapers/20150925000254-260210,1,ltn00464
464,464,文山區,9,http://www.chinatimes.com/newspapers/20151026000296-260102,2,ltn00465
465,465,文山區,10,http://www.chinatimes.com/realtimenews/20151024001746-260407,2,ltn00466
466,466,文山區,11,http://www.chinatimes.com/newspapers/20151025000419-260107,2,ltn00467
467,467,文山區,12,http://www.chinatimes.com/newspapers/20151025000234-260102,2,ltn00468
468,468,文山區,13,http://www.chinatimes.com/realtimenews/20151024003408-260402,2,ltn00469
469,469,文山區,14,http://www.chinatimes.com/realtimenews/20151022004518-260403,3,ltn00470
470,470,文山區,15,http://www.chinatimes.com/newspapers/20151023000522-260107,3,ltn00471
471,471,文山區,16,http://www.chinatimes.com/newspapers/20151023000582-260107,3,ltn00472
472,472,文山區,17,http://www.chinatimes.com/newspapers/20151023000634-260107,3,ltn00473
473,473,文山區,18,http://www.chinatimes.com/newspapers/20151022000953-260301,4,ltn00474
474,474,文山區,19,http://www.chinatimes.com/newspapers/20151022000397-260102,4,ltn00475
475,475,文山區,20,http://www.chinatimes.com/newspapers/20151022000415-260102,4,ltn00476
476,476,文山區,21,http://www.chinatimes.com/newspapers/20151022000526-260102,4,ltn00477
477,477,文山區,22,http://www.chinatimes.com/newspapers/20151022000627-260107,4,ltn00478
478,478,文山區,23,http://www.chinatimes.com/realtimenews/20151020002029-260405,4,ltn00479
479,479,文山區,24,http://www.chinatimes.com/newspapers/20151020000046-260202,4,ltn00480
480,480,文山區,25,http://www.chinatimes.com/newspapers/20151020000493-260102,5,ltn00481
481,481,文山區,26,http://www.chinatimes.com/realtimenews/20151019002374-260410,5,ltn00482
482,482,文山區,27,http://www.chinatimes.com/newspapers/20151019000021-260202,5,ltn00483
483,483,文山區,28,http://www.chinatimes.com/realtimenews/20151016005109-260405,6,ltn00484
484,484,文山區,29,http://www.chinatimes.com/realtimenews/20151016002929-260407,6,ltn00485
485,485,文山區,30,http://www.chinatimes.com/newspapers/20151017000519-260107,6,ltn00486
486,486,文山區,31,http://www.chinatimes.com/newspapers/20151016000688-260102,6,ltn00487
487,487,文山區,32,http://www.chinatimes.com/newspapers/20151016000119-260204,6,ltn00488
488,488,文山區,33,http://www.chinatimes.com/realtimenews/20151014002170-260410,7,ltn00489
489,489,文山區,34,http://www.chinatimes.com/realtimenews/20151014003867-260410,7,ltn00490
490,490,文山區,35,http://www.chinatimes.com/newspapers/20151014000596-260107,7,ltn00491
491,491,文山區,36,http://www.chinatimes.com/realtimenews/20151012004731-260402,7,ltn00492
492,492,文山區,37,http://www.chinatimes.com/realtimenews/20151010002269-260407,7,ltn00493
493,493,文山區,38,http://www.chinatimes.com/realtimenews/20151010004063-260402,7,ltn00494
